DN_HistogramMode_5,DN_HistogramMode_10,CO_f1ecac,CO_FirstMin_ac,CO_HistogramAMI_even_2_5,CO_trev_1_num,MD_hrv_classic_pnn40,SB_BinaryStats_mean_longstretch1,SB_TransitionMatrix_3ac_sumdiagcov,PD_PeriodicityWang_th0_01,CO_Embed2_Dist_tau_d_expfit_meandiff,IN_AutoMutualInfoStats_40_gaussian_fmmi,FC_LocalSimple_mean1_tauresrat,DN_OutlierInclude_p_001_mdrmd,DN_OutlierInclude_n_001_mdrmd,SP_Summaries_welch_rect_area_5_1,SB_BinaryStats_diff_longstretch0,SB_MotifThree_quantile_hh,SC_FluctAnal_2_rsrangefit_50_1_logi_prop_r1,SC_FluctAnal_2_dfa_50_1_2_logi_prop_r1,SP_Summaries_welch_rect_centroid,FC_LocalSimple_mean3_stderr,Time Series ID
-0.186017941764697,-0.42173165206240526,0.9404968297936976,8,0.04432579048482245,0.37490645266014494,0.896774193548387,5.0,0.006001846722068329,11,0.050216714026826606,3.0,0.25,-0.5192307692307692,0.1217948717948718,0.4293194798377117,6.0,2.07776514419093,0.15,0.7,0.9081166264283594,1.0772390167686838,0
-0.01815628025783822,-0.3790671766089179,0.8879643402910133,2,0.009630517968654679,0.05640509888642365,0.9032258064516129,5.0,0.0005059875189745315,11,0.03073481452363323,2.0,0.5,-0.23076923076923073,0.07051282051282048,0.30275268688662627,6.0,2.1051367039452864,0.4,0.85,1.0553787820653906,1.1724779406528019,1
-0.39911148348992787,-0.6227048225586704,0.9565301466524297,3,0.03947495829904869,1.1182253062621699,0.9096774193548387,5.0,0.01096306291111486,11,0.05604072029005404,1.0,0.5,0.019230769230769162,0.1217948717948718,0.2986835916602663,6.0,2.1076507249399947,0.175,0.85,1.0553787820653906,1.2303970012187948,2
-0.35444187710474173,-0.5590935632718048,1.330104868086509,6,0.052713663493051954,0.10233807665442624,0.8451612903225807,5.0,0.029603998462129952,11,0.08853823120011696,1.0,0.3333333333333333,0.012820512820512775,0.0641025641025641,0.48463426533725484,9.0,2.004982738705044,0.175,0.85,0.6381360077604687,1.1600379053677106,3
-0.31624879048755883,-0.5744496721417006,1.0095299405290987,7,0.03758322692094245,0.5392114416085453,0.8903225806451613,6.0,0.00461361014994233,11,0.06189339936486143,2.0,0.3333333333333333,-0.5897435897435898,0.15384615384615374,0.4302300312987522,6.0,2.137278513272617,0.15,0.375,0.7117670855789844,1.1073623553291534,4
-0.4928829419900142,-0.7199860822312341,0.8582153959755127,7,0.08173192321314206,0.15809019960667417,0.9548387096774194,7.0,0.009066666666666669,7,0.06954192261612235,4.0,0.16666666666666666,-0.6153846153846154,0.17948717948717952,0.4163302798410011,5.0,2.192116802596276,0.825,0.45,1.0553787820653906,1.0573920267078332,5
-0.9028647198883777,-0.7022222223651602,0.7144432998364334,3,0.06295065235933708,-0.01375904855264167,0.9548387096774194,5.0,0.011733333333333333,3,0.07778729784764618,2.0,0.16666666666666666,-0.3205128205128205,0.16666666666666674,0.2858408663847596,5.0,2.163898176389468,0.55,0.7,1.3989904785517968,1.119376521245434,6
-0.829561089367186,-1.062133604814568,0.6950870348567738,2,0.045860411132171465,0.7390917533013404,0.9806451612903225,5.0,0.0059031877213695395,5,0.08130810397647559,2.0,0.5,0.14743589743589736,0.08333333333333326,0.19628290386462713,5.0,2.190459662336653,0.2,0.275,1.3499030933394531,1.155839059129639,7
-0.03472558184225982,-0.2816734222240469,0.7850030655216117,5,0.047404527853128195,0.019063654353970613,0.9612903225806452,6.0,0.01084949215143121,9,0.07817980295420021,2.0,0.25,0.4871794871794872,0.012820512820512775,0.32392907156427614,4.0,2.173630614302554,0.175,0.7,1.0553787820653906,1.0817015262430707,8
-0.14760567628263233,-0.41491440146619063,0.689917205519061,3,0.06211675527304109,-0.08146678567803203,0.9741935483870968,6.0,0.009365244536940685,8,0.06062299873903219,2.0,0.2,0.10256410256410264,0.3076923076923077,0.25028934306814804,5.0,2.175171018927307,0.15,0.15,1.4726215563703124,1.1197253558590354,9
-0.21729360284959875,0.013406145312961693,0.7358452084787661,4,0.04768065026792114,0.5972897932153468,0.967741935483871,6.0,0.00530932594644506,6,0.08420033409285903,2.0,0.25,-0.25,0.3012820512820513,0.2721081577349772,5.0,2.1764009909069237,0.175,0.85,1.2762720155209375,1.1108548131255458,10
0.005517545703666027,-0.7851269839238985,0.6443259855398595,1,0.044142107866584596,-0.7364092584776235,0.9741935483870968,8.0,0.0025631167499679617,5,0.0685846620467113,3.0,0.3333333333333333,0.03846153846153855,0.28205128205128216,0.20258663879811184,5.0,2.185640301396101,0.2,0.7,1.570796326795,1.1544085814751108,11
0.15665356972585298,-0.140660006072432,0.6540768710846416,1,0.07420581093690026,-0.5532817756328202,0.9612903225806452,7.0,0.009611687812379853,5,0.04163999339128764,3.0,0.3333333333333333,0.02564102564102555,0.3205128205128205,0.21848108316323236,5.0,2.179084008878541,0.225,0.675,1.3008157081271094,1.1850605023339242,12
-0.9641453483488822,-1.1932621838997926,0.8199477692898194,5,0.030220551239857413,-0.2675044384361345,0.9612903225806452,7.0,0.0006407791874919902,11,0.07589022893765342,2.0,0.3333333333333333,0.08974358974358965,-0.012820512820512775,0.35003994927775195,5.0,2.1159125471092537,0.3,0.15,1.0308350894592189,1.1431490059256912,13
-0.03837798731943931,-0.3197541577639118,1.1769357459743148,6,0.03810971344266792,-0.14979763404407534,0.7225806451612903,8.0,0.0025631167499679617,10,0.05265689388037228,2.0,0.3333333333333333,-0.21794871794871795,0.03205128205128216,0.5015371546247129,6.0,2.057363376230357,0.175,0.85,0.5890486225481251,1.1004448385710204,14
0.029553984117693277,-0.24726786711828402,0.9149622616121249,3,0.05395207803819653,-0.34560543990718945,0.8064516129032258,6.0,0.011021402024862233,9,0.058306393537801725,1.0,0.3333333333333333,-0.3653846153846154,0.03846153846153855,0.3415349704057869,5.0,2.1672740055920094,0.15,0.85,1.0553787820653906,1.1446290473326042,15
-0.21175894337334478,-0.47951820106846865,0.9059060486160918,4,0.03573873303369732,0.8860082939726468,0.8516129032258064,9.0,0.000843312531624219,4,0.06452058575194454,1.0,0.5,-0.47435897435897434,0.0641025641025641,0.26292236576201755,6.0,2.162748390884173,0.15,0.7,1.0553787820653906,1.1675437868333445,16
-0.4602593741269314,-0.6923301440044005,0.8371460310520752,3,0.03439903201779941,0.8527047871568133,0.8838709677419355,9.0,0.0057345252150446955,11,0.06396995282214153,1.0,0.5,-0.11858974358974361,0.10256410256410264,0.27541222526390285,6.0,2.1153459025999166,0.175,0.85,1.0553787820653906,1.19940106081096,17
-0.3968955566105022,-0.6433609603579095,1.0179616008855872,6,0.05697387719445858,0.1566951176700962,0.9096774193548387,6.0,0.008458285274894273,11,0.0778459131498018,1.0,0.3333333333333333,-0.11538461538461542,0.07051282051282048,0.41968184338874537,6.0,2.09959649694482,0.175,0.525,0.8590292412160156,1.1528261602494951,18
-0.40121107943150414,-0.6868362355843498,0.9019856472358336,4,0.06066120915430269,0.4146947565146973,0.9548387096774194,8.0,0.0019223375624759715,9,0.0602724793280666,2.0,0.3333333333333333,-0.05769230769230771,0.21794871794871784,0.40714587466890007,4.0,2.1095763167047545,0.15,0.5,0.7608544707913282,1.1071981140910883,19
-0.4322018329748625,-0.7112869271556631,0.7766353282749618,5,0.044722089939328954,-0.23092796266363766,0.967741935483871,6.0,0.0017941817249775734,7,0.03329349985011884,2.0,0.3333333333333333,0.0064102564102563875,-0.02564102564102566,0.3531224790934647,6.0,2.1701415957724963,0.15,0.7,0.9572040116407031,1.1156837067732177,20
-0.8373072283804301,-0.11706924937706348,0.686609951113787,5,0.04398867354710992,0.12351276834706992,0.9612903225806452,5.0,0.003924284395198522,7,0.06948758024101682,2.0,0.25,0.02564102564102555,0.08974358974358965,0.26308230157640483,5.0,2.1447944807488186,0.15,0.275,1.4971652489764844,1.1472979974007977,21
0.04748375732326171,-0.21598356538936414,0.7041340028000387,4,0.0861011754969597,0.24831222938328293,0.9935483870967742,6.0,0.0019223375624759715,6,0.07706086169884616,2.0,0.3333333333333333,-0.23717948717948723,0.08333333333333326,0.23512642730763147,5.0,2.192815125652677,0.2,0.525,1.3253594007332812,1.151018173357912,22
0.06875989476229935,0.30566608647859395,0.6594556266593729,1,0.05363191078369723,0.5106704525566835,0.967741935483871,7.0,0.003716519287453544,5,0.09779950070283011,2.0,0.3333333333333333,-0.07692307692307687,0.13461538461538458,0.1902859585179693,5.0,2.185857999386421,0.15,0.7,1.4726215563703124,1.131909245616251,23
-0.3360725434286477,0.4237224249103735,0.7913421102331837,5,0.06352003246080819,-0.3697493737999092,0.9870967741935484,7.0,0.012927054478301014,8,0.09806930647216205,2.0,0.25,0.1282051282051282,0.1217948717948718,0.35448760263418994,5.0,2.158022768921346,0.15,0.15,1.006291396853047,1.0690789692230882,24
-0.9157670145705716,-0.5779420451381785,0.7005640387502875,3,0.0450619557568746,0.3094070239721164,0.9935483870967742,6.0,0.0006407791874919902,3,0.05456033001765068,3.0,0.3333333333333333,-0.038461538461538436,0.019230769230769162,0.2888187428806026,7.0,2.160567418418879,0.2,0.725,1.4235341711579688,1.1378415177455299,25
-0.3210934378102563,-0.08026293629622872,0.7972482199194093,8,0.05546129684498824,0.3519733253469569,0.9806451612903225,9.0,0.0011542012927054477,8,0.07093846155381592,3.0,0.25,0.15384615384615374,0.19871794871794868,0.35042003251050835,5.0,2.1566804061373546,0.175,0.8,1.2026409377024219,1.0909848299001073,26
-0.20499951327134847,-0.4814991368141799,0.7269022040758175,3,0.046419857413203355,0.6098338149164927,0.9612903225806452,6.0,0.001040582726326743,3,0.0828025120653316,2.0,0.2,-0.08333333333333337,0.26923076923076916,0.29935563217762595,5.0,2.1848393637238956,0.2,0.8,1.3008157081271094,1.1217450535812743,27
-0.3536827933298666,-0.11415282341697985,0.6943072319473291,3,0.05688654348420526,-0.45186031676631894,0.9741935483870968,7.0,0.002691272587466359,6,0.07144381024184109,4.0,0.3333333333333333,-0.21794871794871795,-0.05128205128205132,0.22774730501062307,5.0,2.1863523060550465,0.25,0.15,1.3008157081271094,1.155469886806999,28
-0.24038432942023935,-0.4799530526998977,0.9608248696763367,7,0.0644679211209657,-0.13381627301697108,0.7741935483870968,8.0,0.0033320517749583496,10,0.060215388728486266,2.0,0.3333333333333333,-0.1923076923076923,0.012820512820512775,0.50014252632736,7.0,2.0698025756459124,0.25,0.75,0.5890486225481251,1.0862961338741681,29
-0.002123415943135476,-0.30155341814407344,1.0141455160558792,5,0.029449428283006437,-0.4320909920737131,0.8129032258064516,8.0,0.010252466999871845,11,0.04219557603730627,2.0,0.3333333333333333,-0.054487179487179516,0.0,0.4602766777644435,7.0,2.0831359546367416,0.7,0.85,0.8099418560036719,1.1088255793576258,30
-0.1370114398690514,-0.3934113017386122,0.8046722665149282,4,0.035676722067358835,-0.5367534920061039,0.8451612903225807,5.0,0.005638856849929516,6,0.0548632148526458,1.0,0.3333333333333333,-0.21794871794871795,0.03205128205128216,0.2754074326285603,6.0,2.167889610569633,0.15,0.825,1.0553787820653906,1.1535921128171311,31
-0.519162211800481,-0.7344740066262516,0.7222835807440762,4,0.03702523754144731,-0.33506393062110207,0.9096774193548387,5.0,0.005254389337434322,4,0.05069041760784932,2.0,0.3333333333333333,-0.3653846153846154,0.17948717948717952,0.2408867065224899,6.0,2.1804884952347283,0.15,0.7,1.1044661672777345,1.1387574555724729,32
-0.519725389820839,-0.7548721323460487,0.789185808056926,4,0.056045607814633136,-0.08843521734668384,0.9612903225806452,6.0,0.0017941817249775734,11,0.05749467068717463,1.0,0.3333333333333333,-0.1217948717948718,0.07692307692307687,0.29906631635735603,5.0,2.1598080162445585,0.175,0.85,1.0553787820653906,1.1622860000188922,33
-0.5120531716060935,-0.7728383528337943,0.9095587504304133,6,0.040463207735385545,-0.3139547505094356,0.967741935483871,6.0,0.004100986799948738,11,0.07935017188136956,1.0,0.3333333333333333,0.08974358974358965,-0.02564102564102566,0.32978619763143996,5.0,2.116215554216435,0.15,0.8,1.0308350894592189,1.1534876684475763,34
-0.5091213558331759,-0.760220245346027,1.0537597357507704,6,0.043745702890781175,-0.09506598338836075,0.967741935483871,7.0,0.0015378700499807773,11,0.0873032115035375,2.0,0.3333333333333333,0.0064102564102563875,-0.038461538461538436,0.4780608466999328,5.0,2.04579372012781,0.15,0.8,0.6381360077604687,1.1110592318247192,35
-0.5060760553459702,-0.7488965064136338,0.8460617880675674,6,0.06865099942157622,-0.046788685846288494,0.9483870967741935,7.0,0.00038446751249519417,10,0.05213655471868571,2.0,0.3333333333333333,-0.2435897435897436,-0.02564102564102566,0.4186543400833804,6.0,2.149380533651269,0.15,0.8,0.7853981633975,1.1088845877186566,36
-0.826093079715704,-1.045469955857607,0.7128402339101412,5,0.0707679221368251,0.37889054375285786,0.9806451612903225,7.0,0.0038446751249519417,10,0.05817436378164439,1.0,0.3333333333333333,0.35897435897435903,0.02564102564102555,0.2803661778751843,5.0,2.136015347459706,0.275,0.85,1.1780972450962501,1.1571330867988887,37
-0.6141995850264489,-0.28818109760819605,0.6866074282666133,2,0.036470906552958905,0.5221415949996269,0.967741935483871,6.0,0.0020239500758981272,5,0.05670014470899559,2.0,0.5,0.0,0.0641025641025641,0.1896928920934465,5.0,2.1786481719381836,0.15,0.7,1.3253594007332812,1.1821324494760928,38
-0.35596871316440937,-0.5724916260490425,0.7204846347204539,3,0.06761629951377952,-0.23930657441224182,0.9870967741935484,5.0,0.0033732501264968793,6,0.08454466259759955,1.0,0.5,-0.2435897435897436,0.05128205128205132,0.18048649654566915,4.0,2.1852855185667157,0.175,0.775,1.3008157081271094,1.2043807422189188,39
-0.30146517703756054,-0.9767388291636105,0.8080114407545578,3,0.0729929775752386,0.4166292937084435,0.9612903225806452,13.0,0.03292181069958847,3,0.09452883092583103,2.0,0.0625,-0.5448717948717949,0.0641025641025641,0.31635370512794386,5.0,2.1617096290400912,0.15,0.75,1.1044661672777345,1.0824859745120097,40
0.1888346256591119,-0.801163623290257,0.6817866946331875,1,0.04923249924578974,0.5710385853361429,0.9870967741935484,5.0,0.001025246699987185,5,0.05917861114218008,3.0,0.3333333333333333,-0.10256410256410253,0.02564102564102555,0.2643892903500045,7.0,2.179981259767001,0.15,0.85,1.3008157081271094,1.1514849992890492,41
-0.2982367341913055,-0.5598349465488345,0.5883836341942936,1,0.03457863559312968,-0.6007682509495064,0.967741935483871,9.0,0.00031911203607353444,5,0.03154887475948593,1.0,1.0,0.02564102564102555,0.20512820512820507,0.23861049541399693,5.0,2.1942966632501877,0.15,0.525,1.9880391010999219,1.1066724408270192,42
-0.16441302600784014,-0.46487249251448526,0.6913046342466326,5,0.03150894524976791,-0.18081330657177547,0.9870967741935484,6.0,0.003924284395198522,11,0.048805392872626065,3.0,0.25,-0.33974358974358976,0.17307692307692313,0.2806091330913468,5.0,2.1786227867217294,0.275,0.15,1.374446785945625,1.1225064297826632,43
0.2108109417235957,-0.5569904388209714,0.605763525428411,1,0.047764138064603764,-0.2406004457712447,0.9870967741935484,9.0,0.00031911203607353454,4,0.044435378481729904,1.0,1.0,-0.1282051282051282,0.012820512820512775,0.1705332050809482,4.0,2.194360436469089,0.8,0.75,1.6689710972196876,1.1692152686646156,44
-0.40001333472271144,-0.6251150321290272,1.1947602265870159,6,0.087645251726416,0.024115397958213932,0.8709677419354839,8.0,0.002539242843951985,11,0.07938907233950902,2.0,0.25,0.05769230769230771,0.019230769230769162,0.5526996765822351,7.0,2.07066728653702,0.25,0.825,0.5399612373357813,1.066065857411291,45
-0.45985499242600536,-0.7373604609285024,0.7290627575369718,4,0.0197458180611682,0.18704654001818874,0.9483870967741935,6.0,0.003716519287453544,6,0.05998303528827536,1.0,0.3333333333333333,0.2564102564102564,0.05128205128205132,0.24851024941816285,6.0,2.190544553821361,0.175,0.725,1.1780972450962501,1.1563927721075096,46
-0.47175544051680307,-0.7564095391241596,0.6977516673381678,4,0.05330126321835597,0.6615620242246116,0.9612903225806452,4.0,0.0014097142124823792,6,0.0750535501797669,2.0,0.3333333333333333,0.2564102564102564,0.044871794871794934,0.2312608991438624,5.0,2.1745078170667322,0.15,0.7,1.3499030933394531,1.150338617065505,47
-0.7949739058805797,-0.5425652122080034,0.7176757952254909,4,0.04037369616851081,-0.23192887227656847,0.9612903225806452,6.0,0.0006407791874919905,6,0.07237487603430182,1.0,0.3333333333333333,0.08974358974358965,0.019230769230769162,0.21950729390983884,4.0,2.1876560491967325,0.15,0.225,1.1290098598839062,1.1572455288332044,48
-0.8057271659044751,-0.5340799140038074,0.7504359289260316,2,0.029241857203094267,-0.08263614020109807,0.967741935483871,8.0,0.0020239500758981272,6,0.07787590980370189,2.0,0.5,0.08974358974358965,-0.019230769230769273,0.22280490575664152,5.0,2.179410446371514,0.175,0.85,1.3499030933394531,1.1592445187595546,49
-0.7737970305999773,-0.47907262367773296,0.7437976097916428,3,0.03211082995905301,-0.10104050647451271,0.9354838709677419,8.0,0.0005059875189745313,11,0.06980525511935669,1.0,0.5,0.08333333333333326,0.20512820512820507,0.2064538982051864,6.0,2.1576989955200707,0.15,0.8,1.2517283229147655,1.1935988587923319,50
-0.6032042035481912,-0.8542902101512804,0.9114490373229656,6,0.049074124090131704,-0.0390925390231503,0.9354838709677419,8.0,0.00530932594644506,8,0.06469044185595917,2.0,0.25,0.0,-0.02564102564102566,0.4759358360799683,6.0,2.0735084619628488,0.175,0.15,0.7608544707913282,1.1006987116779199,51
-0.7106675047591254,-0.9353795718356694,0.9994477271203791,6,0.07402020400421355,0.3269321457155957,0.9806451612903225,7.0,0.002691272587466359,11,0.08951385550358079,2.0,0.3333333333333333,-0.15384615384615385,-0.038461538461538436,0.5554441350115896,6.0,2.130012404568756,0.175,0.75,0.5399612373357813,1.095943135483508,52
-0.5813385317874634,-0.8409055564566985,0.8640005071793705,5,0.04671777278052936,-0.3419879073340612,0.9548387096774194,6.0,0.01015697137580794,11,0.0770447496005895,2.0,0.25,0.10256410256410264,0.0641025641025641,0.48831309403907164,5.0,2.1322864680949967,0.175,0.175,0.6872233929728125,1.0883947716511775,53
-0.9261255565887777,-1.1312387192782514,0.8738437273926364,5,0.050790493090717856,-0.22940927348368592,0.9419354838709677,8.0,0.009464450600184672,10,0.10439575726318769,2.0,0.25,0.03205128205128216,-0.04807692307692307,0.45027275973751524,5.0,2.151317810996183,0.175,0.75,0.8835729338221875,1.088333201954138,54
-0.8804910932277712,-0.630347052741883,0.7525234407459909,5,0.041615519568047585,0.5522858975593861,0.9741935483870968,8.0,0.002691272587466359,10,0.07573283988559185,2.0,0.3333333333333333,0.08333333333333326,-0.05769230769230771,0.31078587384484246,6.0,2.1777106879356847,0.175,0.45,1.1780972450962501,1.1404129620984065,55
-0.8768666446779547,-0.5962577773698224,0.624763535968881,1,0.029903493012128274,-0.53673658172723,0.9741935483870968,7.0,0.0008740894901144643,6,0.0449420278062852,2.0,1.0,-0.33333333333333337,0.05128205128205132,0.19369628170940836,4.0,2.1889063055873503,0.825,0.775,1.6198837120073437,1.1599348640155884,56
0.1264391629354198,-0.15540256116214168,0.6119678076832207,1,0.035924879035799245,-0.40140904321182835,0.9935483870967742,7.0,0.0001526187998612556,4,0.04156842818484499,1.0,1.0,-0.20512820512820518,0.012820512820512775,0.21045971102792613,4.0,2.195818211139118,0.825,0.85,1.6689710972196876,1.1541328971780094,57
-0.2722963471804889,-0.2722963471804889,0.7124485343694424,4,0.05086808139363497,0.2552129059907904,0.9870967741935484,6.0,0.0007689350249903886,11,0.11213515461175202,2.0,0.3333333333333333,0.03846153846153855,0.02564102564102555,0.2738656897768501,5.0,2.1935983401937866,0.2,0.825,1.2762720155209375,1.1503848075361784,58
-0.194357680061496,-0.4585083569156999,0.7451064284328595,2,0.028145143252913056,0.01027368207939338,0.9612903225806452,7.0,0.0018552875695732832,2,0.07426202377769726,1.0,0.5,-0.019230769230769273,0.19871794871794868,0.29244813429824484,7.0,2.1780341584434004,0.225,0.85,1.2762720155209375,1.1199560037291922,59
-0.3642167686554436,-0.6084773012179294,0.6581906875563116,1,0.04379622420442095,0.9944096489821095,0.9806451612903225,8.0,0.016532103037293352,9,0.09858567874764411,3.0,0.3333333333333333,-0.0064102564102563875,0.20512820512820507,0.2112719840481614,5.0,2.166428796230324,0.2,0.15,1.4971652489764844,1.1714379086226947,60
-0.4631560821417995,-0.7367745707560728,0.9552604124170054,6,0.05778542728074959,0.3198893581226971,0.9419354838709677,7.0,0.002691272587466359,11,0.09234960951758218,2.0,0.3333333333333333,0.07692307692307687,-0.04487179487179482,0.411419852660597,5.0,2.178327514642087,0.175,0.75,0.8344855486098438,1.1171651887353324,61
-0.4651879539700162,-0.7690898944075482,0.8351135690034158,3,0.04584682572358503,0.06207417897053049,0.9612903225806452,7.0,0.0019223375624759717,12,0.05983044326378131,1.0,0.3333333333333333,0.07692307692307687,-0.09294871794871795,0.2976963759175603,5.0,2.152638402088402,0.15,0.45,1.0799224746715625,1.164731577581748,62
-0.8155805253467632,-0.8155805253467632,0.8110253674808554,3,0.05636878100048165,0.31784499588955545,0.9548387096774194,7.0,0.0015378700499807775,7,0.09270366410707591,1.0,0.3333333333333333,0.03205128205128216,0.03205128205128216,0.22885446533100026,5.0,2.1671131077891332,0.825,0.625,1.0553787820653906,1.161284106636029,63
-0.361412665091307,-0.5720633671923898,0.9060374987285972,3,0.04523815734379524,-0.2621773763793972,0.9741935483870968,7.0,0.0037105751391465673,11,0.08956419120076073,1.0,0.5,-0.1858974358974359,0.019230769230769162,0.2874576639457326,4.0,2.1411473484418044,0.15,0.85,1.0553787820653906,1.1728388264803211,64
-0.8107465698896389,-0.46694245124759,0.7818595508393061,4,0.03580780835557879,0.0739293077641843,0.9935483870967742,8.0,0.004100986799948738,6,0.03784693345081747,2.0,0.3333333333333333,-0.16666666666666663,0.0,0.2506908142376037,5.0,2.1386657430440454,0.15,0.85,1.0553787820653906,1.1230167699263178,65
-0.24023268708602025,-0.9641754365059587,0.7527430248103483,3,0.05294373540845008,0.4375620761906113,0.967741935483871,9.0,0.003035925113847191,3,0.07171242348692784,1.0,0.5,-0.15384615384615385,0.33974358974358965,0.20521702075993703,4.0,2.1679559523805088,0.15,0.825,1.3253594007332812,1.1739677999855351,66
-0.6305785029209205,-0.9115349738908759,0.989278903230961,6,0.08689168539114504,0.5836458753568277,0.9612903225806452,8.0,0.0019223375624759713,12,0.08148394784359467,2.0,0.3333333333333333,-0.15384615384615385,0.0,0.5052392439812116,5.0,2.123430332832676,0.25,0.75,0.5890486225481251,1.0775727629628284,67
-0.6806858272015262,-0.9371145336042077,1.091144994106273,6,0.058571986614407434,0.1588009250340689,0.9741935483870968,7.0,0.004100986799948738,11,0.08591587182709684,2.0,0.3333333333333333,-0.15384615384615385,0.11538461538461542,0.5508395506784033,5.0,2.1050262960266872,0.175,0.625,0.5399612373357813,1.0855730708735898,68
-0.727033376076508,-0.9424677774830111,1.1590190461104377,6,0.0655549171899496,-0.14071175800807637,0.9225806451612903,6.0,0.0014097142124823794,11,0.14086759792514958,2.0,0.3333333333333333,0.012820512820512775,0.07692307692307687,0.5438238409346995,7.0,2.0969146041195894,0.275,0.85,0.5399612373357813,1.0917207174907932,69
-0.6640770374607324,-0.918774187996344,0.9931868463793403,6,0.05873011095173957,-0.022761394005344358,0.9290322580645162,7.0,0.009099064462386263,11,0.09206007908990733,2.0,0.3333333333333333,-0.012820512820512775,0.05128205128205132,0.5072601342198909,8.0,2.1042210094656033,0.175,0.85,0.5399612373357813,1.0870372652388332,70
-0.644539806931472,-0.9498130269723688,0.8964897770361056,6,0.1101708922633331,-0.10903004595842804,0.9354838709677419,8.0,0.0014097142124823794,11,0.0538509599973872,2.0,0.3333333333333333,-0.08974358974358976,-0.05128205128205132,0.47965182936173534,8.0,2.108248054111402,0.15,0.7,0.6872233929728125,1.095927131470721,71
-0.8939599835335792,-0.5985610328309091,0.8707144056846436,3,0.06101634814975968,-0.09635947201960826,0.9354838709677419,10.0,0.002178649237472768,11,0.06861264605168083,3.0,0.3333333333333333,-0.3076923076923077,-0.03205128205128205,0.42406510759804067,6.0,2.117107557828293,0.15,0.85,0.8835729338221875,1.1083788808056214,72
-0.9175277841337333,-0.6643048563406362,0.821156668667508,4,0.052543583817177796,-0.39839391452431155,0.967741935483871,8.0,0.005254389337434321,11,0.07128014556990686,2.0,0.3333333333333333,-0.2948717948717948,0.05128205128205132,0.33805657551727725,5.0,2.155927175419235,0.225,0.65,1.1290098598839062,1.1406161609978902,73
-0.9259986199671533,-0.6447009880218344,0.8318007156442199,4,0.05930509258918931,0.2567044795671796,0.9806451612903225,10.0,0.009867999487376652,11,0.055177508441007314,2.0,0.3333333333333333,-0.42307692307692313,0.03205128205128216,0.3588433809341875,6.0,2.1217933794678983,0.15,0.825,1.0308350894592189,1.1122382135671744,74
-0.9424552677596973,-0.6754754981700407,0.7013185590547836,1,0.10435648372357219,-0.28743046984420184,0.9612903225806452,7.0,0.007561194412405487,11,0.06220018683304191,2.0,0.3333333333333333,-0.11538461538461542,-0.04487179487179482,0.34944114077207244,7.0,2.192815125652677,0.15,0.825,1.2762720155209375,1.1147125481260078,75
0.01711744525516712,-0.2792052006211131,0.6835203215510062,1,0.03621690234635722,0.06847653240005391,0.9806451612903225,8.0,0.006694367497691597,11,0.08368539092091347,2.0,0.25,0.0,-0.2564102564102564,0.324956275425102,5.0,2.1920049731530646,0.475,0.7,1.3499030933394531,1.108329806526189,76
-0.9416014864161697,-0.70916450036689,0.7913009612654468,4,0.05752558681553835,-0.31225409304968493,0.9612903225806452,8.0,0.005254389337434322,6,0.08079469119396544,2.0,0.3333333333333333,-0.012820512820512775,-0.10897435897435892,0.2977617728069353,5.0,2.145217039898818,0.15,0.725,1.0553787820653906,1.1312227408849853,77
-0.9707914736359228,-0.3132957296634621,0.9492429021837291,5,0.0712188512643232,-0.30884497515003434,1.0,10.0,0.004229142637447137,12,0.08931316619041492,1.0,0.3333333333333333,-0.05128205128205132,-0.10256410256410253,0.3802651789709288,4.0,2.136069450635019,0.15,0.65,1.006291396853047,1.1378872087960177,78
-0.5179550652611625,-0.8121204340553361,0.9385448184402293,3,0.03759123590629666,0.21548510190347367,0.9419354838709677,9.0,0.0029475842624631554,11,0.056890792221994904,3.0,0.3333333333333333,-0.0641025641025641,0.10897435897435903,0.3822355585230886,4.0,2.120404311085459,0.15,0.475,1.006291396853047,1.1284363367674,79
-0.811972591293425,-0.5386376506496833,0.820477329630901,7,0.04640730667887634,0.23715651478504896,0.967741935483871,10.0,0.008073817762399078,7,0.07471432358876909,6.0,0.1111111111111111,-0.4487179487179487,0.03846153846153855,0.3552400775797739,4.0,2.184523422291413,0.475,0.15,1.006291396853047,1.0644368881091806,80
0.03707159483085826,-0.2073170695754108,1.211140532038588,4,0.09167932906221739,-0.14497940224629965,0.9612903225806452,13.0,0.013333333333333332,11,0.0921565411901061,3.0,0.16666666666666666,-0.012820512820512775,0.02564102564102555,0.4485778706758145,6.0,2.129217421661348,0.85,0.775,0.7363107781851562,1.0316637621655633,81
-0.6236343958923742,-0.3516541377573269,0.9358414769490605,2,0.03911289257098454,0.08656274370563045,0.9612903225806452,7.0,0.0145681581685744,10,0.08773311238373312,1.0,0.2,-0.23717948717948723,0.39743589743589736,0.3812073836093912,5.0,2.1458180949659535,0.175,0.85,1.0308350894592189,1.1008920403209188,82
-0.45368632331960146,-0.7678198035070942,1.3005628720596938,6,0.025966058209028905,0.3027437976774868,0.9483870967741935,6.0,0.0025631167499679617,11,0.10302879145557499,1.0,0.3333333333333333,-0.16025641025641024,0.09615384615384626,0.4957660665104587,5.0,2.131014066869435,0.225,0.85,0.6135923151542969,1.1309250156022626,83
-0.53408206095826,-0.76607126198986,1.3945551429204068,6,0.10635119470290734,0.3689887115344985,0.9225806451612903,8.0,0.003332051774958351,11,0.09034153955113321,2.0,0.3333333333333333,-0.012820512820512775,0.009615384615384581,0.571842816086712,7.0,2.024082977424231,0.225,0.775,0.5399612373357813,1.0978772278449773,84
-0.6511062961293216,-0.8869424307920577,1.2865109361787122,6,0.07777084185606155,0.2888058491640904,0.9161290322580645,7.0,0.0014097142124823792,11,0.08667297818391946,2.0,0.3333333333333333,-0.16025641025641024,0.07692307692307687,0.5293979663343216,8.0,2.055063631281447,0.25,0.15,0.5399612373357813,1.0989120681853475,85
-0.7144860081366833,-0.9371734291190751,1.209564229604205,6,0.11876112140764333,0.052963305940853175,0.9290322580645162,7.0,0.004100986799948738,11,0.09290296187676757,2.0,0.3333333333333333,-0.16666666666666663,0.0641025641025641,0.5017980858505436,8.0,2.0368009042872446,0.225,0.85,0.5890486225481251,1.118047207992612,86
-0.7979504716383774,-1.0113864669211345,1.7030304688883868,6,0.08843583197319464,0.1770622642299805,0.9548387096774194,8.0,0.0014097142124823794,12,0.12046669115306388,2.0,0.3333333333333333,-0.3782051282051282,0.08333333333333326,0.6101276187061898,6.0,2.0485518463423484,0.175,0.7,0.5399612373357813,1.0449431463001522,87
-0.9307292494439363,-0.7326596740377298,1.2334105673445346,6,0.05055130767704934,0.09057399370357769,0.9354838709677419,8.0,0.0014097142124823794,12,0.10160810228012714,2.0,0.3333333333333333,0.08333333333333326,0.08333333333333326,0.5453764115405636,8.0,2.0978019385599005,0.175,0.7,0.5399612373357813,1.0769237851892033,88
-0.9271381049059775,-0.6780763600566675,1.204354870384856,6,0.059504853899095315,-0.025916223745459106,0.9419354838709677,7.0,0.004869921824939126,11,0.11658466493840781,2.0,0.3333333333333333,-0.0641025641025641,0.03846153846153855,0.5381840347472905,7.0,2.0443500623225903,0.225,0.7,0.5399612373357813,1.0869380513766667,89
-0.9864970287697346,-0.7561355382352197,0.877365957143642,4,0.08640254541860357,0.4265749150863706,0.9870967741935484,7.0,0.004998077662437526,9,0.10075479038239199,1.0,0.3333333333333333,-0.05769230769230771,0.019230769230769162,0.4202027475868436,4.0,2.1727236214172816,0.275,0.8,0.9081166264283594,1.1454996855649187,90
-0.13023813268120304,-0.3582007161952507,0.7472852374990487,4,0.03766545435129456,-0.016499781087779674,0.9806451612903225,5.0,0.0005059875189745315,11,0.08559759865658771,1.0,0.5,-0.28205128205128205,0.0641025641025641,0.28222263413462384,5.0,2.181411902496471,0.15,0.7,1.2026409377024219,1.1674548410176826,91
-0.35983116926548675,-0.6065986840777589,0.5371309049161155,1,0.04481497626442513,0.2519323771394496,0.967741935483871,6.0,0.0023586541796739515,4,0.05560392060833219,2.0,1.0,-0.08974358974358976,0.1282051282051282,0.15601112827618763,5.0,2.1762133311236895,0.225,0.2,1.9389517158875782,1.1642594571374376,92
-0.36317044399794945,-0.5750373938114608,0.7952575840164454,4,0.04994210899586447,-0.1949541318397462,0.967741935483871,10.0,0.0032045876201720353,5,0.10798273968070947,1.0,0.5,0.02564102564102555,0.02564102564102555,0.23614022868634293,6.0,2.1492470664489436,0.15,0.85,1.0553787820653906,1.203054786752576,93
-0.0015089164602254401,-0.2614609866374201,0.7696155562448976,4,0.048261441358258564,0.21264244623524087,0.9806451612903225,9.0,0.009099064462386263,5,0.09375862292429368,1.0,0.3333333333333333,-0.05128205128205132,0.03205128205128216,0.2666812451903454,5.0,2.1629447860789197,0.15,0.15,1.0553787820653906,1.181536450550444,94
0.02423171751364772,-0.2511263182369311,0.7624859902753705,4,0.025703607911413153,-0.04541530323406425,0.9935483870967742,6.0,0.0021926125822229713,5,0.09828035905606435,1.0,0.5,0.0641025641025641,0.1858974358974359,0.21039000073799413,4.0,2.1848579133977273,0.175,0.7,1.0553787820653906,1.170190166219789,95
-0.6604377322470136,-0.8893948071066035,1.2302277064570424,6,0.08653812121301274,-0.4185799876534816,0.9290322580645162,7.0,0.005254389337434322,11,0.12346702420791554,2.0,0.3333333333333333,-0.012820512820512775,0.04807692307692313,0.485389284679497,6.0,2.1164287936123585,0.15,0.475,0.6626797003666406,1.1204897573421286,96
-0.7924228621289909,-0.53122502277354,0.9424270740628886,4,0.04772140856168061,0.10169593269963463,0.9806451612903225,6.0,0.005767012687427913,11,0.09794264785700822,2.0,0.3333333333333333,-0.4487179487179487,0.1217948717948718,0.40403086845374336,5.0,2.1371449309062593,0.175,0.85,0.9326603190345313,1.133526791743991,97
-0.7325957735778389,-0.4977897263462549,0.8094232514637808,6,0.05306917302592145,0.0182412726176753,0.9483870967741935,6.0,0.0061514801999231076,11,0.05364692515090933,1.0,0.3333333333333333,-0.16025641025641024,0.012820512820512775,0.35161155348302464,4.0,2.175087167243803,0.175,0.7,1.0553787820653906,1.1694601867760173,98
-0.7090579060271044,-0.9294243150799073,1.065348298205434,6,0.06335435774605955,-0.17854145175404845,0.9548387096774194,7.0,0.00333205177495835,11,0.08793668520651322,2.0,0.3333333333333333,-0.08974358974358976,-0.05128205128205132,0.4945677983381965,6.0,2.0599308849624265,0.225,0.15,0.6626797003666406,1.1201674115261715,99
-0.5347860676815731,-0.7811885203355697,1.1846248668278268,6,0.0768247234175336,-0.4936570878942943,0.9225806451612903,6.0,0.0014097142124823794,11,0.08371787217796792,2.0,0.3333333333333333,0.0,-0.0641025641025641,0.5245388411743716,7.0,2.052110599900566,0.225,0.85,0.5399612373357813,1.1021255048888885,100
-0.5858792468360559,-0.815051087299084,1.3685525203400868,6,0.06483344486299383,-0.1136571858260569,0.9419354838709677,7.0,0.001025246699987185,11,0.11048985650132159,2.0,0.3333333333333333,0.012820512820512775,0.02564102564102555,0.5566672564095293,5.0,2.0697998847843477,0.175,0.85,0.5399612373357813,1.0927992763262186,101
-0.7942490167842626,-1.0128000880526047,1.3424083101841182,6,0.09826444288749114,0.17744487696504282,0.9612903225806452,6.0,0.009483531974881457,11,0.10056861515253852,2.0,0.3333333333333333,0.03846153846153855,-0.07692307692307687,0.5623798993872756,6.0,2.080174923062099,0.175,0.15,0.5399612373357813,1.081798775828309,102
-0.8177288691619975,-1.057563649826025,1.7496995936241848,6,0.0771940228504063,0.11361961996953739,0.9290322580645162,8.0,0.009099064462386263,10,0.1289066258612036,2.0,0.3333333333333333,0.17307692307692313,-0.0641025641025641,0.6265286044549774,5.0,2.057015108715273,0.175,0.175,0.5399612373357813,1.0543043748842917,103
-0.886164912327441,-1.1247381657430147,1.756110685456569,6,0.12118346430917211,-0.07274818501657224,0.9612903225806452,7.0,0.009464450600184672,12,0.13792399478284348,2.0,0.25,0.012820512820512775,-0.02564102564102566,0.6497564842958571,6.0,2.036681752249546,0.175,0.75,0.5399612373357813,1.0328204973915474,104
-0.9535008444398922,-0.6913044232588634,0.9485833419672297,7,0.06929167250468828,-0.29019462314980465,0.9741935483870968,8.0,0.004616805170821791,11,0.08596392964877557,2.0,0.25,0.012820512820512775,-0.038461538461538436,0.5033583139302986,5.0,2.1406258735443977,0.175,0.7,0.5890486225481251,1.0708561958573128,105
-0.3788672178801676,-0.6235612553078809,0.7788733059406207,4,0.05803405533598838,0.05317235717107397,0.9548387096774194,6.0,0.0044854543124439325,12,0.08528961792551373,2.0,0.3333333333333333,-0.11538461538461542,-0.22435897435897434,0.32212126824073256,6.0,2.161004144344621,0.15,0.825,1.0308350894592189,1.149522044855089,106
-0.14263212032905104,-0.4098545346633863,0.7919156222608528,4,0.06701272365590918,0.023582715013543108,0.9612903225806452,9.0,0.006694367497691596,10,0.09001568957301076,2.0,0.25,-0.13461538461538458,0.14743589743589736,0.3602559746605687,6.0,2.177618540283932,0.15,0.85,1.1044661672777345,1.099808266995408,107
-0.3256887104532069,-0.5995058998766752,0.7430391758887732,4,0.03329498653583761,0.07724187489131289,0.9741935483870968,8.0,0.00992613111726685,8,0.08666437721798474,2.0,0.25,-0.15384615384615385,0.33974358974358976,0.33893152181470837,5.0,2.174425870144783,0.175,0.85,1.2026409377024219,1.0959544394662786,108
-0.6758234812629513,-0.36595066664189935,0.7935096503055453,4,0.046419901664239885,0.9735569126482438,0.9806451612903225,6.0,0.0021926125822229713,5,0.08366519801900527,1.0,0.5,-0.08333333333333337,-0.019230769230769273,0.253869110547272,5.0,2.1514201612787383,0.825,0.85,1.0553787820653906,1.1735902100266662,109
-0.11766462462134875,-0.36542008978832075,0.9187064831555042,4,0.10140932685911323,0.2476916395421059,0.9935483870967742,7.0,0.0037165192874535433,11,0.11432917572903485,2.0,0.3333333333333333,0.03525641025641024,0.02564102564102555,0.3892836737697165,5.0,2.141646813347058,0.825,0.75,1.0308350894592189,1.1013186987926011,110
-0.21663838948663638,0.035583353999728895,0.7637319617517628,4,0.06223199834236805,0.1771332111958785,0.9612903225806452,6.0,0.002361275088547815,6,0.07038902322708342,1.0,0.5,-0.019230769230769273,0.17948717948717952,0.18326002022880383,5.0,2.1743993827582306,0.8,0.75,1.0553787820653906,1.164990714252807,111
-0.2549971850689311,-0.5550629826788844,1.2187217607358831,6,0.02602663422891296,-1.0760829968167385,0.9032258064516129,7.0,0.006151480199923108,11,0.05292408633702088,2.0,0.3333333333333333,-0.1282051282051282,-0.016025641025641024,0.5006820876529672,7.0,2.07066728653702,0.175,0.85,0.5890486225481251,1.1211341485694384,112
-0.5087091311814983,-0.7659959731091326,1.050180232507779,6,0.07931135063496014,-0.8098774585198075,0.9225806451612903,8.0,0.003716519287453544,11,0.06482060775611646,1.0,0.3333333333333333,-0.15384615384615385,0.07692307692307687,0.4415113590279065,5.0,2.143196974723238,0.15,0.85,0.9326603190345313,1.142237032287021,113
-0.4072794260128954,-0.6416947545717532,1.0463064885130278,6,0.056609163144646694,0.3219222325983607,0.9225806451612903,7.0,0.0057670126874279125,11,0.07652239423675344,1.0,0.3333333333333333,0.09615384615384626,-0.04487179487179482,0.45356725697886874,7.0,2.0514551778278114,0.175,0.15,0.9326603190345313,1.153858997935332,114
-0.4042706136964732,-0.6840636697521028,1.1173536497879237,6,0.037646563717373245,0.6109625134673229,0.9290322580645162,6.0,0.003332051774958349,11,0.07216963765547241,2.0,0.3333333333333333,0.33333333333333326,-0.038461538461538436,0.49790314274191955,6.0,2.0286276431398758,0.175,0.15,0.5890486225481251,1.125123189484323,115
-0.550885746518918,-0.7988574291022661,1.0315624082907946,5,0.06184656244961093,-0.1659546696356824,0.9483870967741935,8.0,0.010636934512367038,11,0.08652585779705271,1.0,0.3333333333333333,0.23717948717948723,0.09615384615384626,0.46802128521433495,6.0,2.0594822713185432,0.15,0.8,0.7117670855789844,1.1419208156565006,116
-0.5617730589191103,-0.8002241739347422,1.2186241541664706,6,0.08636095411812417,-0.4466363408013018,0.9032258064516129,7.0,0.0017941817249775734,11,0.08744222249551305,2.0,0.3333333333333333,0.08974358974358965,-0.0608974358974359,0.5043454041765041,7.0,2.029669351414091,0.175,0.7,0.5890486225481251,1.1146995559680344,117
-0.7055669244087364,-0.9397761585404568,1.5580569614269835,6,0.0805769911505142,-0.1359497091425622,0.9612903225806452,8.0,0.0010252466999871848,11,0.12471937289576772,2.0,0.3333333333333333,0.3012820512820513,-0.07051282051282048,0.6207386665390259,5.0,2.055823018794724,0.175,0.85,0.5399612373357813,1.0662091313868753,118
-0.7204062271129543,-0.9310006339803586,1.432843881506568,6,0.07888620011523283,0.06019352361917125,0.967741935483871,7.0,0.001025246699987185,10,0.13080260499972798,2.0,0.3333333333333333,0.044871794871794934,-0.03205128205128205,0.5971766789146983,6.0,2.03456924690772,0.175,0.175,0.5399612373357813,1.0770518290484896,119
-0.8966223512894783,-0.6720800124360928,0.9968823120604554,6,0.07860633312257512,0.1032047232313654,0.9483870967741935,7.0,0.006023324362424709,10,0.08601814602769801,2.0,0.3333333333333333,0.16666666666666674,0.08974358974358965,0.590479190450932,8.0,2.0361837310538258,0.175,0.2,0.5399612373357813,1.0699203644962991,120
-0.9019453620740188,-0.6040922032199769,1.2531199215214643,6,0.07717850541938483,0.2066239484372968,0.9870967741935484,8.0,0.011405869537357428,11,0.07547893437979987,2.0,0.3333333333333333,0.05769230769230771,0.019230769230769162,0.5739657966813654,6.0,2.064261837682924,0.175,0.35,0.5399612373357813,1.0690078634186735,121
-0.15378149787222817,-0.4183983579285854,0.8785935770578065,6,0.0538365197744424,0.29830053901643067,0.9806451612903225,7.0,0.003924284395198522,9,0.08499876278232579,2.0,0.25,-0.1282051282051282,0.10256410256410264,0.47966890748276236,7.0,2.0828599215578834,0.25,0.6,0.6872233929728125,1.0708794249905713,122
-0.3237036259413536,-0.053571086408778834,0.7684764387823888,2,0.03298793993245863,-0.45581702619455805,0.9741935483870968,8.0,0.0021926125822229713,2,0.08729879410695641,1.0,0.5,-0.0641025641025641,-0.038461538461538436,0.3118149280681287,6.0,2.18326711494898,0.85,0.3,1.2762720155209375,1.0927271476900418,123
-0.4498855307741814,-0.6892732310305227,0.8538661540848241,4,0.08194383182291702,-0.13213678565557252,0.9548387096774194,8.0,0.009695290858725761,8,0.12402378822276447,2.0,0.25,-0.14102564102564108,0.10256410256410264,0.3823278599699285,5.0,2.175646983331744,0.175,0.85,0.9326603190345313,1.1162142083996986,124
